country,NY.GDP.PCAP.CD,SE.PRM.ENRR,SH.XPD.CHEX.GD.ZS,SI.POV.DDAY,SP.POP.TOTL
#country+name,,,,,
ABW,38590.5650288641,107.716996929947,,,108785.0
AFE,1722.38561960923,101.309242248535,5.5437973041247,,788844284.0
AFG,416.871146273728,112.230903625488,14.9857626,,43844111.0
AFW,1600.05837434388,91.0609893798828,4.14260145115394,,532809933.0
AGO,3129.47662331063,86.7353918783767,2.54692864,39.3,39040039.0
ALB,12998.147869552,111.511650085449,7.05240345,0.3,2349580.0
AND,54291.5026031052,99.8579545454545,7.69928026,,82904.0
ARB,7544.41435641482,91.5640716552734,5.16576491698387,,503356133.0
ARE,50273.5126243239,108.044420617858,4.97095108,0.0,11513149.0
ARG,14898.0885943842,102.535244031037,10.2695179,1.0,45851378.0
ARM,9474.01849300368,101.990554375733,9.32119179,0.8,3086700.0
ASM,18017.4589383973,89.9076309204102,,,46029.0
ATG,24819.2454680158,112.255406797116,3.91348195,,94209.0
AUS,65129.7227990563,99.6071014404297,10.39852047,0.9,27614411.0
AUT,62930.0351324599,101.308898925781,11.8325634,0.5,9208163.0
AZE,7410.72281660142,105.625024046785,4.27113533,0.0,10246996.0
BDI,233.823013385395,100.627548217773,9.09471226,74.2,14390003.0
BEL,60750.2735864647,102.108009338379,10.80371571,0.1,11941781.0
BEN,1658.27312662991,108.036239624023,3.33732462,27.2,14814460.0
BFA,1147.57131635601,77.1665925504108,7.79943228,42.1,24074580.0
BGD,2597.34352335275,106.491310395865,2.17014575,5.9,175686899.0
BGR,20328.1667065538,95.2764205932617,7.91853094,1.0,6433302.0
BHR,30596.5794898885,96.8752475247525,3.99562383,,1600366.0
BHS,39455.4466548546,92.856648199446,6.30260801,,403033.0
BIH,10381.8460703874,101.194877624512,8.9216938,0.3,3140095.0
BLR,10279.2547190723,96.8224030073024,7.08167362,0.0,9085991.0
BLZ,7865.47937690933,96.4819245941926,4.14735794,1.0,422924.0
BMU,142250.433195123,92.8512496948242,,,64555.0
BOL,5147.81081955367,93.6766510009766,6.91864729,2.1,12581843.0
BRA,10713.2856869511,104.296913146973,9.73092747,3.0,212812405.0
BRB,28364.8181499736,83.9370240790286,5.40463829,1.7,282623.0
BRN,32234.6428368582,94.8207871800668,2.2286067,,466330.0
BTN,4492.78400306618,114.881123575514,4.41551638,0.0,796682.0
BWA,7778.1151090571,109.27325614686,6.25574684,21.4,2562122.0
CAF,556.131398031455,96.8125991821289,10.65553188,71.6,5513282.0
CAN,55697.6639660837,95.0100479125977,11.3095665,0.3,41651653.0
CEB,27676.9389653713,98.6306533813477,7.17207508856139,,99814596.0
CHE,114769.012314293,101.21174621582,11.69096088,0.2,9092436.0
CHI,74585.5224096294,,,,168466.0
CHL,17994.5911957485,99.4942321777344,10.53092575,0.4,19859921.0
CHN,13861.970224368,99.644962886981,5.94388866,0.0,1406585000.0
CIV,3050.10202257321,93.2964368826882,3.43218303,20.8,32711547.0
CMR,1972.3815800786,114.407278765947,4.5545516,26.7,29879337.0
COD,806.776000708534,117.602096557617,3.68495083,85.3,112832473.0
COG,2514.73393584747,87.880241394043,3.29744148,39.2,6484437.0
COL,8561.62091854449,104.830467224121,8.14139366,8.5,53425635.0
COM,2055.75921566281,97.0049189979678,6.55212021,5.1,882847.0
CPV,5796.47207860911,102.973013922324,5.84791613,14.6,527326.0
CRI,19970.0989059622,104.774353027344,6.8663702,0.8,5152950.0
CSS,20880.0606776787,94.0412826538086,5.48778796194105,,4556558.0
CUB,9605.27914559614,98.1092191903079,9.38383102,,10937203.0
CUW,22832.895498987,79.3049163818359,,,156263.0
CYM,104292.900672109,95.7366909653192,,,75844.0
CYP,41783.08984375,105.259872436523,8.11912918,0.0,1370754.0
CZE,35917.2724081665,99.699089050293,8.50710297,0.0,10886878.0
DEU,60496.4350820414,102.638023376465,12.26655293,0.7,83491249.0
DJI,3905.604954681,,2.28316021,25.4,1184076.0
DMA,10989.0431185083,97.6606082418571,5.00757647,,65871.0
DNK,76970.1535217919,99.7760925292969,9.38812923,0.4,6009169.0
DOM,11059.2081531834,101.939084340722,4.59880495,0.8,11520487.0
DZA,6051.00322704182,105.480690694811,4.35082531,0.0,47435312.0
EAP,10843.4363994141,99.9748001098633,5.60836691195228,,2143908411.0
EAR,4566.42669968306,105.642349243164,4.8276388426126,,3592750579.0
EAS,14077.2712026283,100.047248840332,6.82040022907689,2.0,2390873921.0
ECA,11117.61379372,96.6787490844727,4.92052386059615,,253280471.0
ECS,34603.480892464,99.9414596557617,9.58496768550451,0.6,932525035.0
ECU,7125.27618527738,97.2490097236115,7.56167889,3.4,18289896.0
EGY,3085.80712036204,96.7073863024522,4.88449335,1.4,118365995.0
EMU,50214.0783015991,102.890296936035,10.77442962542,,358664361.0
ERI,688.68165957684,89.7312469482422,3.6837678,,3607003.0
ESP,38627.2472148623,102.936981201172,9.2206583,0.8,49355143.0
EST,34417.6320815138,97.8220596313477,7.83648062,0.3,1366475.0
ETH,932.729352775179,84.4160102082984,2.80310345,38.6,135472051.0
EUU,47089.1638419269,102.439392089844,10.5422385397464,,451127411.0
FIN,56148.580949046,98.865608215332,10.47389507,0.2,5646436.0
FJI,6642.00449450523,110.377230542693,3.61524153,4.7,933154.0
FRA,48985.7307807924,103.439743041992,11.53530598,0.1,68720337.0
FRO,74175.2776311377,,,,54900.0
FSM,4414.00737137479,82.1598198983817,12.88087559,26.1,113683.0
GAB,8263.03321595,100.171603677222,3.13430715,3.8,2593130.0
GBR,57601.9621201954,102.171287536621,11.133358,0.4,69487000.0
GEO,9691.53472415196,99.3560206839885,6.85758877,4.2,3935766.0
GHA,3257.1588903576,100.967018127441,2.94686937,39.0,35064272.0
GIB,,101.773180642778,,,40126.0
GIN,1877.2541220972,100.474517822266,3.69442987,11.7,15099727.0
GMB,919.060423427951,100.429016187878,2.89250112,22.0,2822093.0
GNB,1123.76679992349,113.436782836914,8.82204819,39.9,2249515.0
GNQ,6615.25245207167,47.5486488342285,3.49941635,8.8,1938431.0
GRC,26948.0070432791,102.020217895508,8.39367008,0.6,10413962.0
GRD,12106.8790105068,110.590518436374,4.65330839,0.8,117303.0
GRL,58498.9707973609,,,,56831.0
GTM,6598.18032988711,101.488831252809,6.80241346,9.7,18687881.0
GUM,41833.1517132825,77.9228591918945,,,168999.0
GUY,32413.7930757518,97.5535955044616,2.46673751,13.0,835986.0
HIC,53997.2579539931,99.8059997558594,12.5381196027243,0.6,1423739902.0
HKG,56983.0663059906,103.152955896153,,,7498900.0
HND,3598.21450440452,78.9690848390083,7.70976162,15.7,11005850.0
HPC,1331.89997509038,100.075187683105,4.4525335920373,,965148593.0
HRV,27103.9116109268,101.157791137695,7.14699411,0.3,3876200.0
HTI,2694.18969101404,183.989440244666,3.19156528,40.4,11906095.0
HUN,25907.4743259406,102.887977600098,6.36868954,0.9,9514251.0
IBD,8599.35834895508,105.780838012695,5.90989609361809,,5006926951.0
IBT,6613.2094697403,102.438049316406,5.76917677777576,,6993790788.0
IDA,1608.08422318374,97.2686233520508,3.86413809398463,35.9,1986863837.0
IDB,1841.20446420685,91.0903167724609,3.89355404772797,,689783382.0
IDN,5059.62596411213,100.371428697375,2.70239949,4.0,285721236.0
IDX,1484.11159862857,100.371231079102,3.84059636091876,,1297080455.0
IMN,90015.2074234398,,,,84118.0
IND,2702.47987141553,111.033783181676,3.33944035,5.3,1463865525.0
IRL,131592.462547877,96.4761428833008,6.85410833,0.1,5484367.0
IRN,3924.38017821898,101.962623596191,6.02542305,2.5,92417681.0
IRQ,5409.67899716967,104.57022857666,5.53275251,0.5,47020774.0
ISL,98323.4849517418,98.2218322753906,8.98358727,0.1,392404.0
ISR,60336.8477964194,97.4422836303711,7.09822369,0.4,10122800.0
ITA,43308.6403060733,103.566017150879,8.44437313,0.9,58915656.0
JAM,8002.92104076242,97.2972106933594,7.60493946,1.4,2837077.0
JOR,5347.77731384797,98.5516247069238,7.66000605,0.1,11520684.0
JPN,35951.0449549304,101.125762939453,10.73979473,1.2,123366734.0
KAZ,14692.1331757237,97.332988440748,3.76701546,0.0,20843754.0
KEN,2362.86091198611,98.2483475806861,4.35172892,45.5,57532493.0
KGZ,3080.96893823359,98.9535427608138,4.50344467,2.2,7343064.0
KHM,2872.42926639909,108.971332849667,4.61706829,,17847982.0
KIR,2558.66636011102,95.2685003274394,10.94525623,0.9,136488.0
KNA,25223.0257622185,121.118748518606,5.73595428,,46922.0
KOR,36226.9663637512,100.866508483887,8.67656994,0.1,51684564.0
KWT,32312.3119953634,82.3634126791806,4.96311998,,4865298.0
LAC,10407.4817975955,104.340461730957,7.84015567723398,,626808315.0
LAO,2324.76353098791,93.1435250140429,1.32651615,7.1,7873046.0
LBN,4473.27134441128,81.7691124093498,5.57497263,5.8,5849421.0
LBR,915.328972645548,66.5939255094706,13.00574875,33.6,5731206.0
LBY,6448.82415074121,106.998237609863,7.80515862,,7458555.0
LCA,14745.8184305461,96.7822958387075,4.7298274,0.1,180149.0
LCN,11095.2176548294,104.589141845703,7.94355058922187,4.3,666592570.0
LDC,1361.99182021439,100.6826171875,3.60687940583759,,1214167506.0
LIC,837.360634569252,97.5728912353516,4.57073764189418,52.9,767490169.0
LIE,220167.225473557,102.110137939453,5.71460724,,41024.0
LKA,5002.07904353724,91.4511421235026,3.68313766,2.7,21756000.0
LMC,2481.42751777184,105.352798461914,3.70808739985731,13.1,2945282634.0
LMY,6107.26169428605,102.346519470215,5.61091353736938,12.5,6791684991.0
LSO,1088.96276223185,80.1830208282055,12.61182117,41.9,2363325.0
LTE,13677.3231696707,100.273399353027,6.31155209542517,,2330425681.0
LTU,32958.6706396386,100.533866882324,7.59519005,1.1,2888774.0
LUX,147252.179121515,99.2204437255859,5.89136267,0.1,686970.0
LVA,26311.9730706362,97.5693511962891,7.27783823,0.4,1847785.0
MAC,75901.7461294198,89.8103044496487,,,685900.0
MAF,21668.3776525323,,,,24941.0
MAR,4672.46826171875,116.588650279809,6.06396198,3.7,38430770.0
MCO,288001.574856495,120.58309173584,3.11959291,,38341.0
MDA,8621.71721623786,107.605837807201,6.7359705,0.1,2360527.0
MDG,599.265294255357,132.73958355273,3.42822957,69.2,32740678.0
MDV,14614.7208116541,99.7145381635289,9.24973583,0.0,529676.0
MEA,6202.19002141299,94.6325531005859,5.34256816818965,14.4,828025185.0
MEX,13889.2339628708,102.280960083008,5.50398684,1.6,131946900.0
MHL,8489.05793506422,101.801289343951,13.40528965,2.1,36282.0
MIC,6778.79773310904,103.311218261719,5.62456274387014,,6024194822.0
MKD,10489.9255355525,96.3131713867188,7.42730284,3.9,1820909.0
MLI,1193.27601004701,72.7972336510107,3.81316996,36.1,25198821.0
MLT,47906.9000057635,97.7078399658203,8.84301376,0.4,579704.0
MMR,1488.87527836542,120.214569091797,4.45748425,10.3,54850648.0
MNA,2829.12883889291,,5.20467148839159,,753903407.0
MNE,14816.8380299947,106.109619140625,9.6549921,2.5,623129.0
MNG,7108.22743246244,92.3400789423552,6.07207489,0.4,3568978.0
MNP,23785.754590043,,,,43541.0
MOZ,626.914419215727,119.162225223393,8.50126553,81.4,35631653.0
MRT,2197.51046251309,105.434763333022,4.34333467,10.2,5315065.0
MUS,12991.2935987166,107.347861424363,5.56544495,0.5,1243741.0
MWI,671.506847203876,139.016258677384,6.53459597,75.4,22216120.0
MYS,13124.5554178269,90.3595586965317,3.95760036,0.0,35977838.0
NAC,86308.0717272746,96.7801818847656,16.2910204736392,0.9,383501065.0
NAM,4875.92558158247,120.719328687086,9.48251629,22.9,3092816.0
NCL,29213.1923192946,116.012268066406,,,295333.0
NER,775.353622143879,64.6534815281519,4.04895782,60.5,27917831.0
NGA,1224.25410237743,89.5871124267578,4.19086456,41.8,237527782.0
NIC,3173.33724815085,109.536392211914,8.29879284,6.6,7007502.0
NLD,73683.917132794,104.15657043457,10.00551128,0.1,18087633.0
NOR,94594.1929573987,98.5439224243164,9.42925453,0.2,5610870.0
NPL,1535.87781246307,128.558746514108,6.15843678,2.4,29618118.0
NRU,14639.5046929186,94.4013308884636,18.21076012,9.7,12025.0
NZL,49591.0405731713,96.6948623657227,10.06186676,,5324700.0
OED,51733.7140199057,100.67236328125,12.7481642567741,,1402243571.0
OMN,19947.3966227092,94.7204132080078,3.49047446,,5494691.0
OSS,17540.3099815121,102.251792907715,7.34753280434449,,13034928.0
PAK,1595.90912252837,83.726068200404,2.51988316,23.0,255219554.0
PAN,19789.7308555826,96.9385299682617,8.33022976,3.1,4571189.0
PER,9684.41170314988,112.787780761719,5.63786411,5.1,34576665.0
PHL,4170.72347271451,94.0330906383194,5.10122538,5.3,116786962.0
PLW,19532.3557719527,106.937269372694,10.85468197,,17663.0
PNG,3019.5309140573,121.090488343548,2.87081432,52.2,10762817.0
POL,28419.5777395638,105.358512878418,8.06380177,0.2,36435861.0
PRE,1470.05803145865,98.3118515014648,4.47173885631823,,1133132223.0
PRI,40620.1526923687,87.9278775085621,,,3184835.0
PRK,,92.0648422241211,,,26571036.0
PRT,32081.8106150292,110.98851776123,10.24061108,0.4,10804871.0
PRY,7026.61906146401,89.4386417386793,8.35731316,2.1,7013078.0
PSE,3171.10844621579,91.4422361153306,10.73343945,2.1,5413596.0
PSS,4719.69017777464,97.7588119506836,5.68493260774445,,2755649.0
PST,59490.0240628251,99.3445510864258,13.2802047482968,,1132621782.0
PYF,22439.8838746025,108.143379211426,,,282465.0
QAT,72524.9066385222,97.5567016601562,2.52358818,0.0,2972215.0
ROU,22537.9532108047,84.946662902832,5.70901489,0.7,19020271.0
RUS,17546.609375,97.7462041476013,7.04438496,0.1,143513328.0
RWA,1123.73874633225,149.572183149389,5.12708998,38.6,14569341.0
SAS,2705.28227429085,119.026802062988,3.25977663546509,3.8,1692252900.0
SAU,34536.6555456551,103.984471859469,5.68722248,,36973555.0
SDN,1164.53991699219,72.3981094360352,2.85165739,10.1,51662147.0
SEN,1954.71174194867,85.3279669566335,4.32314825,17.9,18931966.0
SGP,98813.9788172877,100.245139192048,4.49163246,,6111175.0
SLB,2086.18955928928,81.8445759596103,5.36366177,40.3,838645.0
SLE,846.296172499617,162.123997594776,4.71883011,41.5,8819794.0
SLV,5766.72574029107,89.8804082588561,9.28738594,4.6,6365503.0
SMR,59871.3288101478,93.5309973045822,6.60829115,,34109.0
SOM,661.173877723116,20.9155502319336,3.74413586,,19654739.0
SRB,15262.0464193413,95.9914169311523,8.03133774,1.1,6549143.0
SSA,1671.41989803328,97.1018218994141,4.92011962789577,,1321531487.0
SSD,1080.14718624765,98.4412384033203,11.61002254,76.5,12188788.0
SSF,1673.07077574497,97.1016311645508,4.91966846383616,45.1,1321654217.0
SST,16577.8450757077,100.858131408691,6.76764056350088,,20347135.0
STP,4084.40062145233,110.377998352051,5.77292156,13.0,240254.0
SUR,7069.87230892274,91.9199272065514,5.40666008,2.2,639850.0
SVK,28543.6653439813,102.752586364746,7.35262203,0.5,5413813.0
SVN,37376.2216079138,100.884101867676,9.87630939,0.0,2130986.0
SWE,63133.2126736715,114.869583129883,11.21510124,0.8,10596620.0
SWZ,4108.25221093363,116.527002594136,7.49763966,44.5,1256174.0
SXM,42978.1317407037,135.070755004883,,,43923.0
SYC,19449.3836346926,93.3800582885742,4.48238087,0.7,122730.0
SYR,1056.78264718197,81.4114685058594,2.70998812,18.0,25620427.0
TCA,37506.7798431288,125.059584610146,,,46855.0
TCD,1022.33559390754,88.464521953345,4.99707747,39.5,21003705.0
TEA,10965.8265646099,100.048690795898,5.60852809056887,,2117367063.0
TEC,15300.0702229683,97.0421981811523,6.21532365654935,,462559433.0
TGO,1383.89974929887,114.272773524266,6.10829544,34.7,8591626.0
THA,8056.56359761558,100.728168483387,4.53787661,0.0,71619863.0
TJK,1637.2542942547,95.7571411611065,7.43789911,6.1,10786734.0
TKM,6540.17876401136,95.6921775462619,5.49789095,35.1,7618847.0
TLA,10822.5929247606,104.723831176758,7.94735280706801,,651467364.0
TLS,1340.9640193437,119.652693100113,9.59779453,44.0,1418517.0
TMN,2826.65540584536,,5.15422758089718,,748489811.0
TON,6547.18646814228,108.789986091794,7.36037779,0.4,103742.0
TSA,2705.28227429085,119.026802062988,3.25977663546509,,1692252900.0
TSS,1673.07077574497,97.1016311645508,4.91966846383615,,1321654217.0
TTO,18967.2704636681,98.262990670178,7.52568626,3.2,1367764.0
TUN,4656.63818386852,104.424217224121,7.98537874,0.7,12348573.0
TUR,18599.4420922378,102.43807220459,4.27524424,0.2,85878556.0
TUV,6344.7750188689,101.138952164009,27.08968544,9.0,9492.0
TZA,1318.81921386719,92.6902654262381,3.05201221,51.3,70545865.0
UGA,1206.30450825002,106.169578552246,4.23600149,59.8,51384894.0
UKR,5865.884765625,93.3063201904297,8.2027483,0.0,38980376.0
UMC,10890.0974812565,100.673202514648,6.0413574000122,2.1,3078912188.0
URY,25215.8238152781,104.532465643859,9.01887608,0.2,3384688.0
USA,90026.5163005744,96.9717330932617,16.69414902,1.1,341784857.0
UZB,3968.2720079072,120.864046720012,6.74312878,2.3,37053428.0
VCT,12561.769166789,111.436840631127,4.43696308,,99924.0
VEN,3494.8138870244,113.693878173828,3.77611423,9.7,28516896.0
VGB,,72.7799911499023,,,39732.0
VIR,44320.909185774,124.084976196289,,,103792.0
VNM,5065.99091899299,106.332886485835,4.56109476,1.6,101598527.0
VUT,4038.73520713411,112.491972007523,4.1186676,19.5,335169.0
WLD,14405.8484595528,102.159400939941,10.0604485010516,10.4,8215424893.0
WSM,5872.78333308796,101.043324329961,6.78103304,4.5,219306.0
XKX,7899.41841135202,,,10.0,1576876.0
YEM,633.887202451545,76.9753799438477,9.69559193,33.3,41773878.0
ZAF,6597.71450918774,101.772235793474,8.90966797,17.4,64747319.0
ZMB,1317.87771619597,115.550919335782,5.97841072,71.7,21913874.0
ZWE,3021.43019873632,93.0772110334414,2.92601609,49.2,16950795.0
