event_type,severity,country,description,date,coordinates
EQ,"{'unit': 'M', 'value': '5.5'}",Unknown,"On 4/1/2026 11:07:23 PM, an earthquake occurred in Indonesia potentially affecting 20 thousand in MMI IV. The earthquake had Magnitude 5.5M, Depth:35km.",2026-04-01T23:23:30,"1.0043,126.419"
EQ,"{'unit': 'M', 'value': '7.4'}",Unknown,"On 4/1/2026 10:48:13 PM, an earthquake occurred in Indonesia potentially affecting 3 thousand (in MMI>=VII). The earthquake had Magnitude 7.4M, Depth:35km.",2026-04-01T22:57:59,"1.1171,126.2965"
EQ,"{'unit': 'M', 'value': '6'}",Unknown,"On 4/1/2026 11:20:25 AM, an earthquake occurred in Peru potentially affecting 1.1 million in MMI>=IV. The earthquake had Magnitude 6M, Depth:108.831km.",2026-04-01T11:34:52,"-7.0558,-76.1241"
EQ,"{'unit': 'M', 'value': '5.7'}",Unknown,"On 4/1/2026 6:08:26 AM, an earthquake occurred in Fiji Islands Region potentially affecting Few people affected in 100km. The earthquake had Magnitude 5.7M, Depth:575.962km.",2026-04-01T06:28:22,"-21.6533,-179.2415"
WF,"{'unit': 'ha', 'value': '20714'}",Unknown,"On 01/04/2026, a forest fire started in Russian Federation,  until 02/04/2026.",2026-04-02T11:00:15,"48.333832348223936,133.45782539498202"
EQ,"{'unit': 'M', 'value': '5.7'}",Unknown,"On 3/31/2026 7:24:50 PM, an earthquake occurred in Kermadec Islands, New Zealand potentially affecting [unknown]. The earthquake had Magnitude 5.7M, Depth:143.358km.",2026-03-31T19:46:18,"-30.2892,-178.7529"
WF,"{'unit': 'ha', 'value': '5289'}",Unknown,"On 31/03/2026, a forest fire started in China,  until 02/04/2026.",2026-04-02T11:00:40,"46.008862631367592,127.96937390874287"
WF,"{'unit': 'ha', 'value': '5431'}",Unknown,"On 31/03/2026, a forest fire started in Australia,  until 02/04/2026.",2026-04-02T11:00:55,"-15.863236610810196,128.03560946301388"
EQ,"{'unit': 'M', 'value': '7.3'}",Unknown,"On 3/30/2026 8:44:08 AM, an earthquake occurred in Vanuatu potentially affecting Few people affected (in MMI>=VII). The earthquake had Magnitude 7.3M, Depth:121.28km.",2026-03-30T08:52:55,"-15.3139,167.5616"
WF,"{'unit': 'ha', 'value': '5549'}",Unknown,"On 30/03/2026, a forest fire started in Australia,  until 01/04/2026.",2026-03-31T19:00:18,"-16.202624146454809,126.7952958447067"
WF,"{'unit': 'ha', 'value': '6210'}",Unknown,"On 30/03/2026, a forest fire started in Australia,  until 01/04/2026.",2026-04-01T07:00:31,"-17.108906198901614,126.51728633552757"
WF,"{'unit': 'ha', 'value': '5431'}",Unknown,"On 29/03/2026, a forest fire started in Australia,  until 02/04/2026.",2026-04-02T11:01:43,"-16.203533471377924,127.79351040847123"
FL,"{'unit': '', 'value': '0'}",Unknown,"On 28/03/2026, a flood started in Bosnia & Herzegovina, lasting until 30/03/2026 (last update). The flood caused 0 deaths and 0 displaced .",2026-03-31T05:48:51,"44.7861384,18.5156598"
FL,"{'unit': '', 'value': '0'}",Unknown,"On 28/03/2026, a flood started in Islamic Republic of Iran, lasting until 30/03/2026 (last update). The flood caused 9 deaths and 0 displaced .",2026-03-31T06:17:51,"29.2051447,53.4327752"
WF,"{'unit': 'ha', 'value': '5679'}",Unknown,"On 28/03/2026, a forest fire started in Kazakhstan,  until 01/04/2026.",2026-04-01T07:01:23,"45.544815349625374,74.747042764205588"
WF,"{'unit': 'ha', 'value': '5422'}",Unknown,"On 28/03/2026, a forest fire started in China,  until 02/04/2026.",2026-04-02T11:02:42,"44.8117526804401,130.62084896908641"
WF,"{'unit': 'ha', 'value': '5650'}",Unknown,"On 28/03/2026, a forest fire started in China,  until 02/04/2026.",2026-04-02T11:02:48,"44.13734845083335,129.5380768658805"
FL,"{'unit': '', 'value': '0'}",Unknown,"On 27/03/2026, a flood started in Azerbaijan, lasting until 29/03/2026 (last update). The flood caused 0 deaths and 278 displaced .",2026-03-31T05:57:51,"40.3698536,49.9538852"
FL,"{'unit': '', 'value': '0'}",Unknown,"On 27/03/2026, a flood started in Russia, lasting until 29/03/2026 (last update). The flood caused 0 deaths and 1109 displaced .",2026-03-31T06:08:19,"42.8260906,47.1219624"
WF,"{'unit': 'ha', 'value': '13771'}",Unknown,"On 26/03/2026, a forest fire started in India,  until 29/03/2026.",2026-03-30T11:00:53,"22.497963179603254,77.599525191479032"
WF,"{'unit': 'ha', 'value': '7915'}",Unknown,"On 26/03/2026, a forest fire started in Chile,  until 30/03/2026.",2026-03-30T19:00:45,"-38.398960210561349,-72.407684221799968"
WF,"{'unit': 'ha', 'value': '6485'}",Unknown,"On 26/03/2026, a forest fire started in China,  until 01/04/2026.",2026-04-02T11:03:56,"43.622374114198642,128.24216251098778"
WF,"{'unit': 'ha', 'value': '6656'}",Unknown,"On 25/03/2026, a forest fire started in Venezuela,  until 29/03/2026.",2026-03-29T07:00:46,"9.1075961512139045,-68.079380623149675"
WF,"{'unit': 'ha', 'value': '5957'}",Unknown,"On 25/03/2026, a forest fire started in Myanmar,  until 31/03/2026.",2026-03-30T23:01:10,"19.302819885681821,97.538567053539964"
WF,"{'unit': 'ha', 'value': '6339'}",Unknown,"On 25/03/2026, a forest fire started in Myanmar,  until 31/03/2026.",2026-03-28T12:00:29,"21.289275776426241,92.309081103410279"
WF,"{'unit': 'ha', 'value': '6220'}",Unknown,"On 25/03/2026, a forest fire started in China,  until 02/04/2026.",2026-04-02T11:05:27,"44.493570856343723,126.56148049505389"
WF,"{'unit': 'ha', 'value': '5727'}",Unknown,"On 24/03/2026, a forest fire started in China,  until 02/04/2026.",2026-04-02T11:06:22,"44.259988240016249,125.67374851651742"
WF,"{'unit': 'ha', 'value': '6192'}",Unknown,"On 24/03/2026, a forest fire started in Myanmar,  until 31/03/2026.",2026-03-29T07:01:04,"22.072121017488172,97.5919237651809"
WF,"{'unit': 'ha', 'value': '16884'}",Unknown,"On 24/03/2026, a forest fire started in India,  until 31/03/2026.",2026-03-27T08:00:33,"22.4317553789529,77.245979084374582"
WF,"{'unit': 'ha', 'value': '10688'}",Unknown,"On 24/03/2026, a forest fire started in Myanmar, Bangladesh,  until 01/04/2026.",2026-03-27T08:00:25,"21.442021093534439,92.6845993263427"
WF,"{'unit': 'ha', 'value': '5433'}",Unknown,"On 24/03/2026, a forest fire started in China,  until 01/04/2026.",2026-04-02T03:05:37,"46.485561765623615,127.31043036102307"
WF,"{'unit': 'ha', 'value': '9779'}",Unknown,"On 24/03/2026, a forest fire started in China,  until 30/03/2026.",2026-03-27T04:00:41,"45.24303223507416,125.4684521907337"
WF,"{'unit': 'ha', 'value': '15952'}",Unknown,"On 24/03/2026, a forest fire started in Kazakhstan,  until 30/03/2026.",2026-03-27T12:00:30,"45.3158664380798,75.0790212748776"
WF,"{'unit': 'ha', 'value': '5949'}",Unknown,"On 24/03/2026, a forest fire started in China,  until 30/03/2026.",2026-03-30T07:01:29,"44.331471392980205,125.96744501411887"
WF,"{'unit': 'ha', 'value': '6184'}",Unknown,"On 24/03/2026, a forest fire started in Thailand,  until 30/03/2026.",2026-03-29T11:01:16,"18.576132648836872,98.709450371309586"
WF,"{'unit': 'ha', 'value': '5657'}",Unknown,"On 24/03/2026, a forest fire started in Myanmar,  until 30/03/2026.",2026-03-30T19:01:30,"20.932558049628796,98.921280130654267"
WF,"{'unit': 'ha', 'value': '9216'}",Unknown,"On 23/03/2026, a forest fire started in Laos,  until 31/03/2026.",2026-03-27T08:00:39,"15.366735300189946,107.2966469512973"
WF,"{'unit': 'ha', 'value': '6531'}",Unknown,"On 23/03/2026, a forest fire started in Laos,  until 30/03/2026.",2026-03-29T07:02:14,"19.645643255967538,102.9919639428704"
WF,"{'unit': 'ha', 'value': '8721'}",Unknown,"On 23/03/2026, a forest fire started in Thailand,  until 30/03/2026.",2026-03-29T03:02:07,"18.885614891238024,98.721117917916672"
WF,"{'unit': 'ha', 'value': '5474'}",Unknown,"On 23/03/2026, a forest fire started in Nigeria,  until 29/03/2026.",2026-04-02T11:09:06,"12.308790095160989,13.973546109269215"
WF,"{'unit': 'ha', 'value': '6607'}",Unknown,"On 23/03/2026, a forest fire started in Laos,  until 29/03/2026.",2026-03-28T08:01:21,"15.30298410134295,107.13071807641099"
WF,"{'unit': 'ha', 'value': '6195'}",Unknown,"On 23/03/2026, a forest fire started in Laos,  until 01/04/2026.",2026-03-29T11:02:28,"18.999627931070219,101.70267993190069"
WF,"{'unit': 'ha', 'value': '6791'}",Unknown,"On 22/03/2026, a forest fire started in Thailand,  until 30/03/2026.",2026-03-29T07:02:47,"19.199697878017243,98.872887552245061"
WF,"{'unit': 'ha', 'value': '5813'}",Unknown,"On 22/03/2026, a forest fire started in Laos,  until 01/04/2026.",2026-03-27T20:01:30,"19.710116417815673,102.88391610193607"
WF,"{'unit': 'ha', 'value': '9526'}",Unknown,"On 22/03/2026, a forest fire started in Myanmar,  until 01/04/2026.",2026-03-28T08:01:54,"19.147877447009044,97.203265367568079"
WF,"{'unit': 'ha', 'value': '7155'}",Unknown,"On 22/03/2026, a forest fire started in Laos,  until 31/03/2026.",2026-03-29T11:04:02,"19.463874780097797,102.55615660484514"
WF,"{'unit': 'ha', 'value': '5373'}",Unknown,"On 22/03/2026, a forest fire started in Myanmar,  until 31/03/2026.",2026-03-31T07:04:58,"20.860442892709013,99.0410008264605"
WF,"{'unit': 'ha', 'value': '5448'}",Unknown,"On 22/03/2026, a forest fire started in Thailand,  until 29/03/2026.",2026-03-29T23:03:28,"17.560332324859981,98.944057163882761"
WF,"{'unit': 'ha', 'value': '5517'}",Unknown,"On 22/03/2026, a forest fire started in India,  until 29/03/2026.",2026-03-29T15:03:08,"19.004741022795553,80.331522234565313"
WF,"{'unit': 'ha', 'value': '6251'}",Unknown,"On 22/03/2026, a forest fire started in Myanmar,  until 29/03/2026.",2026-03-28T12:03:28,"19.979431645704778,98.770926896930874"
WF,"{'unit': 'ha', 'value': '5567'}",Unknown,"On 22/03/2026, a forest fire started in Myanmar,  until 30/03/2026.",2026-03-28T12:02:46,"19.754025337649718,97.477674647166708"
WF,"{'unit': 'ha', 'value': '6488'}",Unknown,"On 22/03/2026, a forest fire started in China,  until 30/03/2026.",2026-03-26T08:00:30,"47.3947518434622,122.85694131295581"
WF,"{'unit': 'ha', 'value': '11919'}",Unknown,"On 22/03/2026, a forest fire started in Laos,  until 31/03/2026.",2026-03-27T08:00:57,"15.5071839862373,107.23875640031132"
WF,"{'unit': 'ha', 'value': '16141'}",Unknown,"On 22/03/2026, a forest fire started in India,  until 31/03/2026.",2026-03-26T04:00:39,"22.649842774321687,77.382665514404039"
WF,"{'unit': 'ha', 'value': '5415'}",Unknown,"On 22/03/2026, a forest fire started in Myanmar,  until 30/03/2026.",2026-03-30T23:04:45,"19.789080099469853,97.823940862695338"
WF,"{'unit': 'ha', 'value': '10163'}",Unknown,"On 21/03/2026, a forest fire started in China,  until 31/03/2026.",2026-03-26T12:01:51,"46.708751650481695,125.55558950886983"
WF,"{'unit': 'ha', 'value': '33006'}",Unknown,"On 21/03/2026, a forest fire started in China,  until 31/03/2026.",2026-03-23T08:00:07,"46.06465746120773,129.80887922155873"
WF,"{'unit': 'ha', 'value': '19695'}",Unknown,"On 21/03/2026, a forest fire started in Myanmar,  until 31/03/2026.",2026-03-24T20:00:42,"20.492829420109324,98.902533296123451"
WF,"{'unit': 'ha', 'value': '22265'}",Unknown,"On 21/03/2026, a forest fire started in China,  until 30/03/2026.",2026-03-27T08:01:44,"46.311935973126992,125.41218076176088"
WF,"{'unit': 'ha', 'value': '5880'}",Unknown,"On 21/03/2026, a forest fire started in Thailand,  until 29/03/2026.",2026-03-28T00:04:07,"19.032108615380885,99.159725766104387"
WF,"{'unit': 'ha', 'value': '8632'}",Unknown,"On 21/03/2026, a forest fire started in China,  until 01/04/2026.",2026-03-26T20:01:59,"46.46443674695567,122.54058496445651"
WF,"{'unit': 'ha', 'value': '22568'}",Unknown,"On 21/03/2026, a forest fire started in Myanmar,  until 01/04/2026.",2026-03-29T11:07:13,"20.611091381016831,98.698464716658108"
WF,"{'unit': 'ha', 'value': '5253'}",Unknown,"On 21/03/2026, a forest fire started in Myanmar,  until 01/04/2026.",2026-03-31T23:09:10,"19.472496555365872,97.438897988854038"
WF,"{'unit': 'ha', 'value': '5577'}",Unknown,"On 21/03/2026, a forest fire started in Myanmar,  until 31/03/2026.",2026-03-29T07:04:04,"17.836821857597279,97.264065446937479"
WF,"{'unit': 'ha', 'value': '9106'}",Unknown,"On 21/03/2026, a forest fire started in China,  until 31/03/2026.",2026-04-02T11:14:59,"44.304678398299288,125.98873406338707"
WF,"{'unit': 'ha', 'value': '12947'}",Unknown,"On 21/03/2026, a forest fire started in China,  until 01/04/2026.",2026-03-29T07:05:55,"47.016455273844372,124.87872351897698"
WF,"{'unit': 'ha', 'value': '10903'}",Unknown,"On 21/03/2026, a forest fire started in China,  until 01/04/2026.",2026-03-27T20:03:09,"46.231285871614439,127.11439481316116"
WF,"{'unit': 'ha', 'value': '6323'}",Unknown,"On 21/03/2026, a forest fire started in Laos,  until 01/04/2026.",2026-03-27T12:02:57,"19.385543063437478,102.53303158338191"
WF,"{'unit': 'ha', 'value': '5495'}",Unknown,"On 20/03/2026, a forest fire started in China,  until 01/04/2026.",2026-03-30T07:08:15,"46.389217803945186,127.13299276890699"
WF,"{'unit': 'ha', 'value': '6073'}",Unknown,"On 20/03/2026, a forest fire started in Thailand,  until 31/03/2026.",2026-03-29T07:06:26,"19.284532364312646,100.10259758458953"
WF,"{'unit': 'ha', 'value': '5114'}",Unknown,"On 20/03/2026, a forest fire started in Thailand,  until 31/03/2026.",2026-03-31T07:10:27,"17.102769128504924,98.703178913894789"
WF,"{'unit': 'ha', 'value': '5391'}",Unknown,"On 20/03/2026, a forest fire started in Myanmar,  until 31/03/2026.",2026-03-29T11:07:39,"20.123640164269585,97.568906765821168"
WF,"{'unit': 'ha', 'value': '5599'}",Unknown,"On 20/03/2026, a forest fire started in India,  until 29/03/2026.",2026-03-28T08:04:35,"19.654567604434188,80.403375237417634"
WF,"{'unit': 'ha', 'value': '7758'}",Unknown,"On 20/03/2026, a forest fire started in China,  until 30/03/2026.",2026-03-28T04:04:31,"47.519627522714714,123.13822518417594"
WF,"{'unit': 'ha', 'value': '5756'}",Unknown,"On 20/03/2026, a forest fire started in China,  until 30/03/2026.",2026-03-26T04:02:16,"47.613383016372111,123.21265465336741"
WF,"{'unit': 'ha', 'value': '8164'}",Unknown,"On 20/03/2026, a forest fire started in Myanmar,  until 31/03/2026.",2026-03-25T20:01:22,"20.120705995772028,98.846778266911244"
WF,"{'unit': 'ha', 'value': '5448'}",Unknown,"On 20/03/2026, a forest fire started in Myanmar,  until 31/03/2026.",2026-03-27T08:03:51,"22.804104920228912,97.345858574862518"
WF,"{'unit': 'ha', 'value': '8914'}",Unknown,"On 20/03/2026, a forest fire started in Myanmar,  until 31/03/2026.",2026-03-27T08:02:54,"19.992098511106054,98.253992138503747"
WF,"{'unit': 'ha', 'value': '6648'}",Unknown,"On 19/03/2026, a forest fire started in Laos,  until 31/03/2026.",2026-03-26T08:02:23,"19.732715929375829,103.0051943290752"
WF,"{'unit': 'ha', 'value': '11419'}",Unknown,"On 19/03/2026, a forest fire started in Thailand,  until 30/03/2026.",2026-03-29T03:08:58,"19.075286547535015,99.132837719092322"
WF,"{'unit': 'ha', 'value': '9531'}",Unknown,"On 19/03/2026, a forest fire started in Myanmar,  until 29/03/2026.",2026-03-26T00:02:51,"18.65200805113987,97.403696055115788"
WF,"{'unit': 'ha', 'value': '30341'}",Unknown,"On 19/03/2026, a forest fire started in Myanmar,  until 01/04/2026.",2026-03-28T20:08:57,"20.401290228194593,99.17278064396919"
WF,"{'unit': 'ha', 'value': '8679'}",Unknown,"On 18/03/2026, a forest fire started in Myanmar,  until 01/04/2026.",2026-03-28T20:09:27,"19.019887890187391,97.209179033266864"
WF,"{'unit': 'ha', 'value': '10207'}",Unknown,"On 18/03/2026, a forest fire started in China,  until 29/03/2026.",2026-03-24T08:01:16,"45.003782449169755,125.68124497929209"
WF,"{'unit': 'ha', 'value': '7360'}",Unknown,"On 18/03/2026, a forest fire started in Myanmar,  until 29/03/2026.",2026-03-25T12:02:22,"19.22779888800336,96.097953476166509"
WF,"{'unit': 'ha', 'value': '5793'}",Unknown,"On 18/03/2026, a forest fire started in Myanmar,  until 30/03/2026.",2026-03-27T08:05:25,"18.58710806005918,97.526090263537753"
WF,"{'unit': 'ha', 'value': '18458'}",Unknown,"On 18/03/2026, a forest fire started in Myanmar,  until 31/03/2026.",2026-03-26T12:04:38,"20.977944551845578,97.848022195299137"
WF,"{'unit': 'ha', 'value': '29102'}",Unknown,"On 17/03/2026, a forest fire started in China,  until 31/03/2026.",2026-03-24T08:01:28,"45.99414021282989,125.50319994791637"
WF,"{'unit': 'ha', 'value': '7301'}",Unknown,"On 17/03/2026, a forest fire started in Myanmar,  until 30/03/2026.",2026-03-26T12:05:02,"22.672680654388603,97.755497928705708"
WF,"{'unit': 'ha', 'value': '16502'}",Unknown,"On 17/03/2026, a forest fire started in Myanmar,  until 29/03/2026.",2026-03-24T08:01:54,"16.297811240926162,98.2036541947617"
WF,"{'unit': 'ha', 'value': '10413'}",Unknown,"On 17/03/2026, a forest fire started in Thailand,  until 01/04/2026.",2026-03-30T15:14:06,"18.432492959979296,100.83627690007111"
WF,"{'unit': 'ha', 'value': '35016'}",Unknown,"On 17/03/2026, a forest fire started in Myanmar,  until 01/04/2026.",2026-03-27T08:06:32,"19.726994940392665,97.723542029843287"
WF,"{'unit': 'ha', 'value': '15078'}",Unknown,"On 17/03/2026, a forest fire started in India,  until 01/04/2026.",2026-03-23T04:00:50,"19.052974214854487,80.360407958114081"
WF,"{'unit': 'ha', 'value': '12327'}",Unknown,"On 17/03/2026, a forest fire started in China,  until 01/04/2026.",2026-03-25T04:02:16,"44.311291090611483,125.43374070409142"
WF,"{'unit': 'ha', 'value': '54483'}",Unknown,"On 17/03/2026, a forest fire started in China,  until 01/04/2026.",2026-03-24T20:02:54,"46.272070901411766,126.90613595516962"
WF,"{'unit': 'ha', 'value': '9946'}",Unknown,"On 17/03/2026, a forest fire started in Myanmar,  until 01/04/2026.",2026-03-25T20:03:16,"15.851593189613018,98.338805880739983"
WF,"{'unit': 'ha', 'value': '12936'}",Unknown,"On 16/03/2026, a forest fire started in Laos,  until 31/03/2026.",2026-03-31T19:19:52,"19.8070214461212,103.42640053757114"
WF,"{'unit': 'ha', 'value': '5963'}",Unknown,"On 16/03/2026, a forest fire started in Myanmar,  until 29/03/2026.",2026-03-25T08:03:31,"19.965817346639316,97.181312006547884"
WF,"{'unit': 'ha', 'value': '6054'}",Unknown,"On 16/03/2026, a forest fire started in Laos,  until 30/03/2026.",2026-03-28T08:09:43,"19.808237380646016,103.47056220739969"
WF,"{'unit': 'ha', 'value': '11925'}",Unknown,"On 16/03/2026, a forest fire started in Laos,  until 30/03/2026.",2026-03-26T08:04:38,"19.802979457016463,103.02890102529689"
WF,"{'unit': 'ha', 'value': '7762'}",Unknown,"On 16/03/2026, a forest fire started in China,  until 31/03/2026.",2026-03-24T20:03:12,"45.680744155017678,125.70785765213778"
WF,"{'unit': 'ha', 'value': '31149'}",Unknown,"On 16/03/2026, a forest fire started in Myanmar,  until 31/03/2026.",2026-03-27T08:05:46,"19.464104912967329,97.59461265191328"
WF,"{'unit': 'ha', 'value': '14653'}",Unknown,"On 15/03/2026, a forest fire started in Myanmar,  until 30/03/2026.",2026-03-19T20:00:36,"20.220632442539547,97.124756868100164"
WF,"{'unit': 'ha', 'value': '50811'}",Unknown,"On 15/03/2026, a forest fire started in Myanmar, Thailand,  until 30/03/2026.",2026-03-20T08:00:42,"18.923122255850792,97.549513229746282"
WF,"{'unit': 'ha', 'value': '6534'}",Unknown,"On 15/03/2026, a forest fire started in Myanmar,  until 30/03/2026.",2026-03-27T08:08:43,"17.972740859959792,96.002565636775955"
FL,"{'unit': '', 'value': '0'}",Unknown,"On 02/03/2026, a flood started in Indonesia, lasting until 17/03/2026 (last update). The flood caused 8 deaths and 719 displaced .",2026-03-04T07:03:12,"-7.3032412,110.0044145"
FL,"{'unit': '', 'value': '0'}",Unknown,"On 03/02/2026, a flood started in Brazil, lasting until 23/03/2026 (last update). The flood caused 96 deaths and 15626 displaced .",2026-03-13T18:12:26,"-9.6476843,-35.7339264"
EQ,"{'unit': 'M', 'value': '5.5'}",Unknown,"On 4/5/2026 1:22:15 PM, an earthquake occurred in South Of Kermadec Islands potentially affecting [unknown]. The earthquake had Magnitude 5.5M, Depth:10km.",2026-04-05T13:42:18,"-32.0412,-177.8645"
TC,"{'unit': 'km/h', 'value': '194.4432'}",Unknown,"From 05/04/2026 to 06/04/2026, a Hurricane/Typhoon > 74 mph (maximum wind speed of 194 km/h) VAIANU-26 was active in SEPacific. The cyclone affects these countries: Fiji (vulnerability Medium). Estimated population affected by category 1 (120 km/h) wind speeds or higher is 0  (0 in tropical storm).",2026-04-05T02:10:58,"-15.7,173.1"
WF,"{'unit': 'ha', 'value': '12042'}",Unknown,"On 05/04/2026, a forest fire started in Australia,  until 05/04/2026.",2026-04-05T19:00:20,"-16.334224852743276,125.53182575412427"
WF,"{'unit': 'ha', 'value': '6565'}",Unknown,"On 05/04/2026, a forest fire started in Myanmar,  until 05/04/2026.",2026-04-05T15:00:16,"21.23410387989313,92.9204614967289"
EQ,"{'unit': 'M', 'value': '5.5'}",Unknown,"On 4/4/2026 6:26:13 PM, an earthquake occurred in Australia potentially affecting 2 thousand in MMI V. The earthquake had Magnitude 5.5M, Depth:10km.",2026-04-04T18:42:39,"-25.9274,130.8226"
EQ,"{'unit': 'M', 'value': '5.5'}",Unknown,"On 4/4/2026 5:14:57 PM, an earthquake occurred in Taiwan potentially affecting 70 thousand in MMI VI. The earthquake had Magnitude 5.5M, Depth:22.066km.",2026-04-04T17:33:33,"23.9901,121.6455"
EQ,"{'unit': 'M', 'value': '6'}",Unknown,"On 4/4/2026 10:34:31 AM, an earthquake occurred in Philippines potentially affecting 460 thousand in MMI IV. The earthquake had Magnitude 6M, Depth:99.568km.",2026-04-04T10:49:55,"4.8892,126.1031"
EQ,"{'unit': 'M', 'value': '5.5'}",Unknown,"On 4/4/2026 4:55:32 AM, an earthquake occurred in Mid-Indian Ridge potentially affecting [unknown]. The earthquake had Magnitude 5.5M, Depth:10km.",2026-04-04T05:13:22,"-21.8707,68.913"
EQ,"{'unit': 'M', 'value': '5.9'}",Unknown,"On 4/4/2026 1:35:00 AM, an earthquake occurred in Indonesia potentially affecting 530 thousand in MMI IV. The earthquake had Magnitude 5.9M, Depth:48.684km.",2026-04-04T01:53:12,"1.1109,126.0732"
FL,"{'unit': '', 'value': '0'}",Unknown,"On 04/04/2026, a flood started in China, lasting until 06/04/2026 (last update). The flood caused 0 deaths and 0 displaced .",2026-04-06T06:18:14,"24.7695434,121.0125368"
TC,"{'unit': 'km/h', 'value': '185.184'}",Unknown,"From 04/04/2026 to 06/04/2026, a Hurricane/Typhoon > 74 mph (maximum wind speed of 185 km/h) MAILA-26 was active in SWPacific. The cyclone affects these countries: Solomon Islands, Papua New Guinea (vulnerability High). Estimated population affected by category 1 (120 km/h) wind speeds or higher is 0.147 million .",2026-04-04T02:23:07,"-9.5,154.7"
WF,"{'unit': 'ha', 'value': '6161'}",Unknown,"On 04/04/2026, a forest fire started in Australia,  until 05/04/2026.",2026-04-06T07:00:32,"-32.227383298266638,116.47863042416742"
WF,"{'unit': 'ha', 'value': '5384'}",Unknown,"On 04/04/2026, a forest fire started in Russian Federation,  until 05/04/2026.",2026-04-06T07:00:44,"48.714356339897478,134.89712081965936"
WF,"{'unit': 'ha', 'value': '5440'}",Unknown,"On 04/04/2026, a forest fire started in Russian Federation,  until 05/04/2026.",2026-04-04T11:00:12,"48.70591974772622,132.04528031594435"
WF,"{'unit': 'ha', 'value': '7637'}",Unknown,"On 04/04/2026, a forest fire started in Myanmar,  until 04/04/2026.",2026-04-04T11:00:18,"21.314628011460634,93.081083600209936"
WF,"{'unit': 'ha', 'value': '9740'}",Unknown,"On 04/04/2026, a forest fire started in Myanmar,  until 04/04/2026.",2026-04-04T15:00:11,"21.19373742276537,93.078577808512932"
WF,"{'unit': 'ha', 'value': '5630'}",Unknown,"On 04/04/2026, a forest fire started in Myanmar,  until 04/04/2026.",2026-04-04T15:00:37,"21.120445600285823,93.016469650463279"
WF,"{'unit': 'ha', 'value': '5212'}",Unknown,"On 04/04/2026, a forest fire started in Myanmar,  until 04/04/2026.",2026-04-04T19:00:19,"21.425712292592511,92.866610547907229"
WF,"{'unit': 'ha', 'value': '8119'}",Unknown,"On 04/04/2026, a forest fire started in China,  until 04/04/2026.",2026-04-04T11:00:24,"48.161966474438316,124.36985417434481"
EQ,"{'unit': 'M', 'value': '5.8'}",Unknown,"On 4/3/2026 4:12:58 PM, an earthquake occurred in Afghanistan potentially affecting 12.7 million in MMI III. The earthquake had Magnitude 5.8M, Depth:186.371km.",2026-04-03T16:29:51,"36.5479,70.852"
EQ,"{'unit': 'M', 'value': '5.5'}",Unknown,"On 4/3/2026 10:26:42 AM, an earthquake occurred in Tajikistan potentially affecting Few people affected (in MMI>=VII). The earthquake had Magnitude 5.5M, Depth:10km.",2026-04-03T10:44:14,"38.8967,70.917"
FL,"{'unit': '', 'value': '0'}",Unknown,"On 03/04/2026, a flood started in Colombia, lasting until 05/04/2026 (last update). The flood caused 1 deaths and 11 displaced .",2026-04-06T06:37:53,"6.2443382,-75.573553"
EQ,"{'unit': 'M', 'value': '5.6'}",Unknown,"On 4/3/2026 12:22:20 AM, an earthquake occurred in Indonesia potentially affecting 3 thousand in MMI IV. The earthquake had Magnitude 5.6M, Depth:35km.",2026-04-03T00:43:19,"1.3163,126.4332"
WF,"{'unit': 'ha', 'value': '5100'}",Unknown,"On 03/04/2026, a forest fire started in Myanmar,  until 04/04/2026.",2026-04-06T07:01:09,"21.966461220442046,92.756489330887"
WF,"{'unit': 'ha', 'value': '32283'}",Unknown,"On 03/04/2026, a forest fire started in Myanmar,  until 04/04/2026.",2026-04-04T11:00:32,"21.460863826080374,92.807254983660357"
WF,"{'unit': 'ha', 'value': '6840'}",Unknown,"On 03/04/2026, a forest fire started in India,  until 05/04/2026.",2026-04-05T11:01:00,"22.875935291308696,78.077074942354272"
EQ,"{'unit': 'M', 'value': '5.8'}",Unknown,"On 4/2/2026 2:34:59 PM, an earthquake occurred in Indonesia potentially affecting 30 thousand in MMI>=IV. The earthquake had Magnitude 5.8M, Depth:35km.",2026-04-02T14:50:37,"1.2035,126.3735"
EQ,"{'unit': 'M', 'value': '5.9'}",Unknown,"On 4/2/2026 2:13:49 PM, an earthquake occurred in Indonesia potentially affecting 1 thousand in MMI V. The earthquake had Magnitude 5.9M, Depth:35km.",2026-04-02T14:32:19,"1.2401,126.3004"
EQ,"{'unit': 'M', 'value': '6.2'}",Unknown,"On 4/2/2026 3:23:53 AM, an earthquake occurred in Indonesia potentially affecting 3 thousand in MMI V. The earthquake had Magnitude 6.2M, Depth:35km.",2026-04-02T03:42:39,"1.1779,126.4438"
EQ,"{'unit': 'M', 'value': '5.7'}",Unknown,"On 4/2/2026 3:17:53 AM, an earthquake occurred in Indonesia potentially affecting 3 thousand in MMI IV. The earthquake had Magnitude 5.7M, Depth:35km.",2026-04-02T03:33:31,"1.1475,126.2702"
WF,"{'unit': 'ha', 'value': '9628'}",Unknown,"On 02/04/2026, a forest fire started in Russian Federation,  until 03/04/2026.",2026-04-04T07:00:12,"48.29295721522324,133.66627138981318"
WF,"{'unit': 'ha', 'value': '9077'}",Unknown,"On 02/04/2026, a forest fire started in Myanmar,  until 04/04/2026.",2026-04-04T15:01:15,"21.78840713755897,92.77090612754516"
WF,"{'unit': 'ha', 'value': '8275'}",Unknown,"On 02/04/2026, a forest fire started in Russian Federation,  until 03/04/2026.",2026-04-04T07:00:19,"48.436500720182124,133.85436754655905"
WF,"{'unit': 'ha', 'value': '9888'}",Unknown,"On 02/04/2026, a forest fire started in Myanmar,  until 04/04/2026.",2026-04-04T19:01:26,"21.653707110725655,92.73688609214912"
TC,"{'unit': 'km/h', 'value': '147.776832'}",Unknown,"From 01/04/2026 to 05/04/2026, a Post-tropical Depression (maximum wind speed of 148 km/h) INDUSA-26 was active in SWIndian. The cyclone affects these countries: [unknown] (vulnerability [unknown]). Estimated population affected by category 1 (120 km/h) wind speeds or higher is 0  (0 in tropical storm).",2026-04-01T19:35:43,"-29.68,71.38"
WF,"{'unit': 'ha', 'value': '26403'}",Unknown,"On 01/04/2026, a forest fire started in Russian Federation,  until 05/04/2026.",2026-04-02T19:00:12,"48.30863864117994,133.45458207775511"
WF,"{'unit': 'ha', 'value': '5409'}",Unknown,"On 01/04/2026, a forest fire started in Myanmar,  until 04/04/2026.",2026-04-05T07:01:39,"21.749920236809757,92.941966992502543"
WF,"{'unit': 'ha', 'value': '9808'}",Unknown,"On 01/04/2026, a forest fire started in Liberia, Guinea,  until 04/04/2026.",2026-04-05T15:02:49,"8.4346673444825253,-9.9180487290692483"
WF,"{'unit': 'ha', 'value': '5609'}",Unknown,"On 01/04/2026, a forest fire started in Myanmar, Thailand,  until 04/04/2026.",2026-04-04T11:00:51,"18.280845110379502,97.5913848444696"
WF,"{'unit': 'ha', 'value': '11598'}",Unknown,"On 01/04/2026, a forest fire started in India,  until 04/04/2026.",2026-04-04T11:01:18,"25.287985024789631,93.007860872307745"
WF,"{'unit': 'ha', 'value': '10524'}",Unknown,"On 01/04/2026, a forest fire started in Australia,  until 05/04/2026.",2026-04-05T19:02:49,"-32.00697950069555,116.50812045728752"
WF,"{'unit': 'ha', 'value': '10229'}",Unknown,"On 01/04/2026, a forest fire started in India,  until 05/04/2026.",2026-04-05T11:02:29,"25.326405617247904,93.225730554872371"
WF,"{'unit': 'ha', 'value': '18232'}",Unknown,"On 01/04/2026, a forest fire started in India,  until 05/04/2026.",2026-04-05T15:02:01,"22.878743630045136,78.048068436559944"
WF,"{'unit': 'ha', 'value': '7004'}",Unknown,"On 01/04/2026, a forest fire started in India,  until 05/04/2026.",2026-04-06T07:02:10,"25.153272133835788,86.480931968046"
WF,"{'unit': 'ha', 'value': '5862'}",Unknown,"On 01/04/2026, a forest fire started in Thailand,  until 05/04/2026.",2026-04-05T07:01:27,"14.756741457224656,99.276202816928688"
WF,"{'unit': 'ha', 'value': '5544'}",Unknown,"On 01/04/2026, a forest fire started in China,  until 04/04/2026.",2026-04-04T11:00:56,"48.32224744392154,124.70698434541794"
WF,"{'unit': 'ha', 'value': '7710'}",Unknown,"On 01/04/2026, a forest fire started in Russian Federation,  until 04/04/2026.",2026-04-04T11:01:12,"48.286335609979112,132.11700847161453"
FL,"{'unit': '', 'value': '0'}",Unknown,"On 31/03/2026, a flood started in Italy, lasting until 02/04/2026 (last update). The flood caused 0 deaths and 50 displaced .",2026-04-01T09:28:17,"41.684672,14.595614"
WF,"{'unit': 'ha', 'value': '5289'}",Unknown,"On 31/03/2026, a forest fire started in China,  until 02/04/2026.",2026-04-06T07:02:50,"46.008862631367592,127.96937390874287"
WF,"{'unit': 'ha', 'value': '8955'}",Unknown,"On 31/03/2026, a forest fire started in Russian Federation,  until 03/04/2026.",2026-04-02T03:00:10,"44.167019786496788,131.50684407732629"
WF,"{'unit': 'ha', 'value': '6409'}",Unknown,"On 31/03/2026, a forest fire started in China,  until 02/04/2026.",2026-03-31T19:00:11,"48.018873450146422,123.77165608505334"
WF,"{'unit': 'ha', 'value': '20559'}",Unknown,"On 31/03/2026, a forest fire started in China,  until 01/04/2026.",2026-04-01T15:00:27,"47.566952795583944,124.64645605965393"
WF,"{'unit': 'ha', 'value': '7465'}",Unknown,"On 31/03/2026, a forest fire started in Thailand,  until 05/04/2026.",2026-04-04T07:01:24,"18.136653505959785,97.79866378409406"
WF,"{'unit': 'ha', 'value': '11094'}",Unknown,"On 31/03/2026, a forest fire started in India,  until 04/04/2026.",2026-04-04T23:03:04,"22.779864895023234,77.892389300486641"
WF,"{'unit': 'ha', 'value': '5251'}",Unknown,"On 31/03/2026, a forest fire started in Bangladesh,  until 04/04/2026.",2026-04-05T07:02:17,"22.217193956722671,92.469063073163653"
WF,"{'unit': 'ha', 'value': '12764'}",Unknown,"On 31/03/2026, a forest fire started in Australia,  until 05/04/2026.",2026-04-02T19:00:37,"-15.863448509008341,128.0788280697912"
WF,"{'unit': 'ha', 'value': '6868'}",Unknown,"On 31/03/2026, a forest fire started in Australia,  until 02/04/2026.",2026-04-02T03:00:19,"-16.928865945524063,126.32975542734422"
WF,"{'unit': 'ha', 'value': '10795'}",Unknown,"On 31/03/2026, a forest fire started in Australia,  until 03/04/2026.",2026-04-03T19:01:05,"-16.640687218055234,126.97432678867524"
FL,"{'unit': '', 'value': '0'}",Unknown,"On 30/03/2026, a flood started in United States, lasting until 01/04/2026 (last update). The flood caused 0 deaths and 0 displaced .",2026-04-02T12:08:03,"42.7338254,-84.5546295"
WF,"{'unit': 'ha', 'value': '6022'}",Unknown,"On 30/03/2026, a forest fire started in Sierra Leone,  until 05/04/2026.",2026-04-06T07:04:12,"8.79556295285266,-11.48130619195214"
WF,"{'unit': 'ha', 'value': '5152'}",Unknown,"On 30/03/2026, a forest fire started in Australia,  until 05/04/2026.",2026-04-05T19:04:16,"-20.99746501260222,137.27982142849646"
WF,"{'unit': 'ha', 'value': '6242'}",Unknown,"On 30/03/2026, a forest fire started in Australia,  until 04/04/2026.",2026-04-04T19:04:10,"-19.223333721989686,133.97467201096967"
WF,"{'unit': 'ha', 'value': '8679'}",Unknown,"On 30/03/2026, a forest fire started in Thailand,  until 05/04/2026.",2026-04-02T07:00:41,"17.810421797439773,100.61851605207137"
WF,"{'unit': 'ha', 'value': '10474'}",Unknown,"On 30/03/2026, a forest fire started in Myanmar,  until 02/04/2026.",2026-03-31T11:00:34,"21.246596870712189,92.815045230359644"
WF,"{'unit': 'ha', 'value': '7261'}",Unknown,"On 30/03/2026, a forest fire started in Australia,  until 02/04/2026.",2026-03-31T03:00:25,"-17.192560374359253,126.71631636311427"
WF,"{'unit': 'ha', 'value': '7991'}",Unknown,"On 29/03/2026, a forest fire started in Russian Federation,  until 03/04/2026.",2026-04-01T07:00:48,"44.287392026205175,131.6377947898481"
WF,"{'unit': 'ha', 'value': '6238'}",Unknown,"On 29/03/2026, a forest fire started in Australia,  until 02/04/2026.",2026-04-02T19:01:37,"-16.199864265071355,127.79524965467108"
WF,"{'unit': 'ha', 'value': '8384'}",Unknown,"On 29/03/2026, a forest fire started in Sierra Leone,  until 02/04/2026.",2026-04-01T15:00:56,"8.13422492945494,-11.658810535345836"
WF,"{'unit': 'ha', 'value': '5668'}",Unknown,"On 29/03/2026, a forest fire started in Sierra Leone,  until 02/04/2026.",2026-04-03T15:02:03,"8.2817613958131453,-11.211378847322786"
WF,"{'unit': 'ha', 'value': '6279'}",Unknown,"On 29/03/2026, a forest fire started in Myanmar,  until 03/04/2026.",2026-04-03T19:02:30,"20.0819441934194,96.528807181365721"
WF,"{'unit': 'ha', 'value': '5074'}",Unknown,"On 29/03/2026, a forest fire started in Thailand,  until 05/04/2026.",2026-04-06T07:04:42,"14.715313446760856,98.751322566607811"
WF,"{'unit': 'ha', 'value': '6296'}",Unknown,"On 29/03/2026, a forest fire started in Laos,  until 05/04/2026.",2026-04-06T07:04:58,"17.988236062462644,101.49885985820703"
FL,"{'unit': '', 'value': '0'}",Unknown,"On 28/03/2026, a flood started in Argentina, lasting until 29/03/2026 (last update). The flood caused 0 deaths and 103 displaced .",2026-03-31T08:57:50,"-26.8303703,-65.2038133"
FL,"{'unit': '', 'value': '0'}",Unknown,"On 28/03/2026, a flood started in Peru, lasting until 30/03/2026 (last update). The flood caused 0 deaths and 8 displaced .",2026-04-01T07:29:22,"-9.8974849,-75.9942918"
WF,"{'unit': 'ha', 'value': '6697'}",Unknown,"On 28/03/2026, a forest fire started in China,  until 02/04/2026.",2026-04-02T19:01:49,"44.139776510753912,129.54577254428861"
WF,"{'unit': 'ha', 'value': '9179'}",Unknown,"On 28/03/2026, a forest fire started in China,  until 02/04/2026.",2026-04-01T03:01:07,"47.694071817681056,123.14609032487623"
WF,"{'unit': 'ha', 'value': '5811'}",Unknown,"On 28/03/2026, a forest fire started in China,  until 02/04/2026.",2026-04-02T19:01:55,"44.80780421589337,130.618146034269"
WF,"{'unit': 'ha', 'value': '10481'}",Unknown,"On 28/03/2026, a forest fire started in China,  until 02/04/2026.",2026-04-01T11:01:41,"46.485222936364586,129.91120015663711"
WF,"{'unit': 'ha', 'value': '9381'}",Unknown,"On 28/03/2026, a forest fire started in China,  until 04/04/2026.",2026-04-01T07:00:55,"47.421860547395418,124.6565510410859"
WF,"{'unit': 'ha', 'value': '7612'}",Unknown,"On 28/03/2026, a forest fire started in China,  until 04/04/2026.",2026-04-01T07:01:02,"48.106849314096337,123.69619449073062"
WF,"{'unit': 'ha', 'value': '22572'}",Unknown,"On 28/03/2026, a forest fire started in China,  until 01/04/2026.",2026-03-31T03:00:32,"47.180120470092682,126.02163908604045"
WF,"{'unit': 'ha', 'value': '5079'}",Unknown,"On 28/03/2026, a forest fire started in Sierra Leone,  until 05/04/2026.",2026-04-06T07:05:53,"7.9879625698447718,-11.822009132653177"
WF,"{'unit': 'ha', 'value': '5471'}",Unknown,"On 28/03/2026, a forest fire started in Thailand,  until 05/04/2026.",2026-04-05T19:05:29,"15.81220425440317,99.288537430302966"
WF,"{'unit': 'ha', 'value': '11313'}",Unknown,"On 28/03/2026, a forest fire started in Thailand, Myanmar,  until 05/04/2026.",2026-04-05T11:05:20,"18.247023315576495,97.629415847973377"
WF,"{'unit': 'ha', 'value': '10009'}",Unknown,"On 28/03/2026, a forest fire started in Bangladesh,  until 04/04/2026.",2026-04-04T11:03:43,"22.379636631877545,92.4374197585508"
WF,"{'unit': 'ha', 'value': '5620'}",Unknown,"On 28/03/2026, a forest fire started in Laos,  until 03/04/2026.",2026-04-03T11:03:34,"16.508038924056731,106.57676000512878"
WF,"{'unit': 'ha', 'value': '6872'}",Unknown,"On 28/03/2026, a forest fire started in Sierra Leone,  until 02/04/2026.",2026-04-01T19:16:43,"8.0480320795067843,-11.675293000215426"
WF,"{'unit': 'ha', 'value': '5725'}",Unknown,"On 27/03/2026, a forest fire started in Chile,  until 02/04/2026.",2026-04-02T23:03:45,"-36.766718933234408,-71.9080902112761"
WF,"{'unit': 'ha', 'value': '5993'}",Unknown,"On 27/03/2026, a forest fire started in Thailand,  until 05/04/2026.",2026-04-03T23:04:01,"16.254940442212767,101.54188919569029"
WF,"{'unit': 'ha', 'value': '9942'}",Unknown,"On 27/03/2026, a forest fire started in Thailand,  until 05/04/2026.",2026-04-03T23:04:17,"17.486221259926275,100.50149644669736"
WF,"{'unit': 'ha', 'value': '8315'}",Unknown,"On 27/03/2026, a forest fire started in Bangladesh,  until 04/04/2026.",2026-04-04T11:05:27,"22.568741610657757,92.466974243813269"
WF,"{'unit': 'ha', 'value': '6133'}",Unknown,"On 27/03/2026, a forest fire started in Thailand,  until 05/04/2026.",2026-04-04T07:04:45,"17.576881630006785,99.281113194216175"
WF,"{'unit': 'ha', 'value': '5441'}",Unknown,"On 27/03/2026, a forest fire started in Thailand,  until 05/04/2026.",2026-04-05T11:07:02,"18.2695638898434,97.754208881881084"
WF,"{'unit': 'ha', 'value': '5596'}",Unknown,"On 27/03/2026, a forest fire started in Thailand,  until 04/04/2026.",2026-04-05T07:05:30,"18.557437997155105,99.358739099116931"
WF,"{'unit': 'ha', 'value': '9720'}",Unknown,"On 27/03/2026, a forest fire started in China,  until 04/04/2026.",2026-04-02T07:02:27,"47.276806339720295,126.20579669989971"
WF,"{'unit': 'ha', 'value': '16211'}",Unknown,"On 27/03/2026, a forest fire started in India,  until 02/04/2026.",2026-03-28T08:00:09,"22.642342569155062,77.6302019824875"
WF,"{'unit': 'ha', 'value': '5534'}",Unknown,"On 27/03/2026, a forest fire started in Myanmar,  until 04/04/2026.",2026-04-04T19:06:40,"21.020107363921944,98.961220552608182"
WF,"{'unit': 'ha', 'value': '11335'}",Unknown,"On 27/03/2026, a forest fire started in China,  until 02/04/2026.",2026-04-02T03:02:42,"46.360778690326676,127.43554115871845"
WF,"{'unit': 'ha', 'value': '7774'}",Unknown,"On 27/03/2026, a forest fire started in Myanmar,  until 02/04/2026.",2026-03-30T07:00:18,"21.2400713621791,92.537156506556741"
WF,"{'unit': 'ha', 'value': '31966'}",Unknown,"On 27/03/2026, a forest fire started in China,  until 03/04/2026.",2026-04-01T03:01:33,"46.444666918138871,129.81725958922061"
WF,"{'unit': 'ha', 'value': '5812'}",Unknown,"On 27/03/2026, a forest fire started in Thailand,  until 02/04/2026.",2026-03-31T23:01:14,"18.390646785928215,97.4853248444371"
WF,"{'unit': 'ha', 'value': '6544'}",Unknown,"On 26/03/2026, a forest fire started in Bangladesh,  until 02/04/2026.",2026-04-02T11:03:50,"21.53764974933922,92.311018827167956"
WF,"{'unit': 'ha', 'value': '6928'}",Unknown,"On 26/03/2026, a forest fire started in China,  until 02/04/2026.",2026-03-31T07:00:44,"46.815022116626068,125.66859580657699"
WF,"{'unit': 'ha', 'value': '14113'}",Unknown,"On 26/03/2026, a forest fire started in China,  until 02/04/2026.",2026-04-01T07:02:33,"46.335208142932395,127.23836646289315"
WF,"{'unit': 'ha', 'value': '5219'}",Unknown,"On 26/03/2026, a forest fire started in China,  until 04/04/2026.",2026-04-06T07:09:30,"46.686212442556,126.19944088060046"
WF,"{'unit': 'ha', 'value': '9854'}",Unknown,"On 26/03/2026, a forest fire started in Myanmar,  until 02/04/2026.",2026-03-28T20:00:31,"20.540996523235794,96.485979177180155"
WF,"{'unit': 'ha', 'value': '13099'}",Unknown,"On 26/03/2026, a forest fire started in China,  until 04/04/2026.",2026-03-31T19:01:33,"46.91126669944591,126.40120347461928"
WF,"{'unit': 'ha', 'value': '15723'}",Unknown,"On 26/03/2026, a forest fire started in China,  until 01/04/2026.",2026-04-01T11:03:30,"47.023044921040771,126.7503788537592"
WF,"{'unit': 'ha', 'value': '5788'}",Unknown,"On 26/03/2026, a forest fire started in Myanmar,  until 02/04/2026.",2026-04-01T19:26:40,"19.745404761531944,97.906015605045539"
WF,"{'unit': 'ha', 'value': '6910'}",Unknown,"On 26/03/2026, a forest fire started in Thailand,  until 04/04/2026.",2026-04-04T23:08:53,"13.367154029715142,99.5738883770517"
WF,"{'unit': 'ha', 'value': '9565'}",Unknown,"On 26/03/2026, a forest fire started in Thailand,  until 03/04/2026.",2026-04-03T23:05:57,"19.320815891091275,99.267095604791947"
WF,"{'unit': 'ha', 'value': '6583'}",Unknown,"On 26/03/2026, a forest fire started in Thailand,  until 02/04/2026.",2026-04-02T23:03:50,"17.824494861302618,98.694980458468407"
WF,"{'unit': 'ha', 'value': '8398'}",Unknown,"On 26/03/2026, a forest fire started in Indonesia,  until 02/04/2026.",2026-04-02T23:03:55,"1.3599132270272007,102.42999823834344"
WF,"{'unit': 'ha', 'value': '7524'}",Unknown,"On 26/03/2026, a forest fire started in Thailand,  until 05/04/2026.",2026-04-03T11:05:57,"15.964872621855866,99.293816131734559"
FL,"{'unit': '', 'value': '0'}",Unknown,"On 25/03/2026, a flood started in Pakistan, lasting until 30/03/2026 (last update). The flood caused 11 deaths and 0 displaced .",2026-03-31T08:18:32,"27.9463141,67.5317602"
WF,"{'unit': 'ha', 'value': '6375'}",Unknown,"On 25/03/2026, a forest fire started in Myanmar,  until 02/04/2026.",2026-04-02T23:06:01,"18.896272702685653,97.221046359652661"
WF,"{'unit': 'ha', 'value': '5974'}",Unknown,"On 25/03/2026, a forest fire started in Thailand,  until 04/04/2026.",2026-04-02T23:06:06,"19.545473981736031,98.893082090507889"
WF,"{'unit': 'ha', 'value': '8273'}",Unknown,"On 25/03/2026, a forest fire started in Myanmar,  until 02/04/2026.",2026-04-01T07:02:48,"21.117803149557737,94.077405870988528"
WF,"{'unit': 'ha', 'value': '6220'}",Unknown,"On 25/03/2026, a forest fire started in China,  until 02/04/2026.",2026-04-06T07:10:21,"44.493570856343723,126.56148049505389"
WF,"{'unit': 'ha', 'value': '5258'}",Unknown,"On 25/03/2026, a forest fire started in Thailand,  until 02/04/2026.",2026-04-02T11:05:09,"18.944041937250862,99.181019508423034"
WF,"{'unit': 'ha', 'value': '14078'}",Unknown,"On 25/03/2026, a forest fire started in Thailand,  until 02/04/2026.",2026-03-29T11:00:44,"19.029299424985609,97.903526483024777"
WF,"{'unit': 'ha', 'value': '5641'}",Unknown,"On 25/03/2026, a forest fire started in Laos,  until 03/04/2026.",2026-04-03T07:05:59,"16.271911186523177,106.67049308612077"
WF,"{'unit': 'ha', 'value': '6088'}",Unknown,"On 25/03/2026, a forest fire started in Myanmar,  until 02/04/2026.",2026-03-30T23:01:04,"20.376148490575662,98.67705993091046"
WF,"{'unit': 'ha', 'value': '9044'}",Unknown,"On 25/03/2026, a forest fire started in Thailand, Laos,  until 03/04/2026.",2026-04-03T23:07:57,"19.611252158261287,100.43322478231124"
WF,"{'unit': 'ha', 'value': '5956'}",Unknown,"On 25/03/2026, a forest fire started in Thailand,  until 03/04/2026.",2026-04-03T23:08:12,"18.791893524981496,99.443768618169116"
WF,"{'unit': 'ha', 'value': '7328'}",Unknown,"On 25/03/2026, a forest fire started in Thailand,  until 02/04/2026.",2026-04-03T07:06:09,"18.033882774450305,97.958207532129336"
WF,"{'unit': 'ha', 'value': '5634'}",Unknown,"On 25/03/2026, a forest fire started in Myanmar,  until 02/04/2026.",2026-04-02T11:05:14,"20.523759716981598,96.3210726495744"
WF,"{'unit': 'ha', 'value': '18319'}",Unknown,"On 25/03/2026, a forest fire started in Myanmar,  until 02/04/2026.",2026-04-01T07:03:06,"19.247807441610082,97.526508877458767"
WF,"{'unit': 'ha', 'value': '13537'}",Unknown,"On 25/03/2026, a forest fire started in Laos,  until 05/04/2026.",2026-04-01T07:02:42,"20.449197556459382,102.13586931125288"
WF,"{'unit': 'ha', 'value': '8772'}",Unknown,"On 24/03/2026, a forest fire started in Thailand,  until 02/04/2026.",2026-04-01T11:05:56,"18.548563493352813,97.966034477912388"
WF,"{'unit': 'ha', 'value': '30903'}",Unknown,"On 24/03/2026, a forest fire started in Thailand, Myanmar,  until 02/04/2026.",2026-04-01T19:28:47,"19.009642195310366,97.90597847971712"
WF,"{'unit': 'ha', 'value': '7668'}",Unknown,"On 24/03/2026, a forest fire started in Myanmar,  until 02/04/2026.",2026-04-02T11:06:51,"21.0380163574281,92.561870934276484"
WF,"{'unit': 'ha', 'value': '5574'}",Unknown,"On 24/03/2026, a forest fire started in Thailand,  until 05/04/2026.",2026-04-02T19:08:25,"17.580739245786692,98.429185307165071"
WF,"{'unit': 'ha', 'value': '13489'}",Unknown,"On 24/03/2026, a forest fire started in Thailand,  until 02/04/2026.",2026-03-31T07:01:54,"19.44242377754437,98.470589238704434"
WF,"{'unit': 'ha', 'value': '19628'}",Unknown,"On 24/03/2026, a forest fire started in Laos,  until 05/04/2026.",2026-04-03T15:08:27,"16.278010525317825,106.53155235816054"
WF,"{'unit': 'ha', 'value': '23832'}",Unknown,"On 24/03/2026, a forest fire started in Thailand,  until 05/04/2026.",2026-04-02T23:09:31,"19.179122677028815,98.433199344221933"
WF,"{'unit': 'ha', 'value': '5961'}",Unknown,"On 24/03/2026, a forest fire started in Myanmar,  until 05/04/2026.",2026-04-06T07:11:13,"19.312534241585805,97.12563230063742"
WF,"{'unit': 'ha', 'value': '5408'}",Unknown,"On 24/03/2026, a forest fire started in Laos,  until 03/04/2026.",2026-03-30T11:02:35,"19.569344235322671,102.63392966603345"
WF,"{'unit': 'ha', 'value': '9358'}",Unknown,"On 24/03/2026, a forest fire started in Laos,  until 02/04/2026.",2026-03-28T08:01:01,"19.477031138395493,103.41260217404739"
WF,"{'unit': 'ha', 'value': '7112'}",Unknown,"On 24/03/2026, a forest fire started in Myanmar,  until 02/04/2026.",2026-03-29T07:01:15,"19.206885531549393,97.02730056767075"
WF,"{'unit': 'ha', 'value': '8268'}",Unknown,"On 24/03/2026, a forest fire started in Myanmar,  until 02/04/2026.",2026-03-29T23:01:35,"19.81527795656276,98.289615247419292"
WF,"{'unit': 'ha', 'value': '5977'}",Unknown,"On 24/03/2026, a forest fire started in Myanmar, Thailand,  until 02/04/2026.",2026-04-02T07:05:47,"19.235386478432808,97.81597684972472"
WF,"{'unit': 'ha', 'value': '5380'}",Unknown,"On 24/03/2026, a forest fire started in Thailand,  until 02/04/2026.",2026-03-31T11:02:22,"19.558369943219784,99.000717775561426"
WF,"{'unit': 'ha', 'value': '5901'}",Unknown,"On 24/03/2026, a forest fire started in China,  until 02/04/2026.",2026-03-31T19:03:02,"46.0168839637242,127.35596637181038"
WF,"{'unit': 'ha', 'value': '5727'}",Unknown,"On 24/03/2026, a forest fire started in China,  until 02/04/2026.",2026-04-06T07:11:56,"44.259988240016249,125.67374851651742"
WF,"{'unit': 'ha', 'value': '8261'}",Unknown,"On 24/03/2026, a forest fire started in Thailand,  until 02/04/2026.",2026-03-31T23:03:06,"17.906275563503904,97.96883440938133"
WF,"{'unit': 'ha', 'value': '12650'}",Unknown,"On 24/03/2026, a forest fire started in Thailand,  until 02/04/2026.",2026-03-30T07:01:16,"19.159165285950934,98.459297993252179"
WF,"{'unit': 'ha', 'value': '7631'}",Unknown,"On 24/03/2026, a forest fire started in Thailand,  until 04/04/2026.",2026-03-31T23:02:45,"19.226772030295706,99.048934226192245"
WF,"{'unit': 'ha', 'value': '12855'}",Unknown,"On 24/03/2026, a forest fire started in China,  until 04/04/2026.",2026-04-02T07:06:13,"46.48685289021202,127.33779810567732"
WF,"{'unit': 'ha', 'value': '8578'}",Unknown,"On 24/03/2026, a forest fire started in Bangladesh,  until 02/04/2026.",2026-03-29T11:01:11,"21.608499232302183,92.479031148715492"
WF,"{'unit': 'ha', 'value': '12258'}",Unknown,"On 24/03/2026, a forest fire started in Myanmar, Thailand,  until 02/04/2026.",2026-03-29T11:01:21,"18.523484963688365,97.417487014293314"
WF,"{'unit': 'ha', 'value': '10556'}",Unknown,"On 23/03/2026, a forest fire started in Thailand,  until 02/04/2026.",2026-03-29T11:02:23,"17.778588121228818,99.310618726406631"
WF,"{'unit': 'ha', 'value': '13287'}",Unknown,"On 23/03/2026, a forest fire started in Thailand,  until 02/04/2026.",2026-03-29T07:01:51,"19.00887080099362,99.062203875704242"
WF,"{'unit': 'ha', 'value': '16317'}",Unknown,"On 23/03/2026, a forest fire started in Myanmar,  until 02/04/2026.",2026-03-29T03:02:12,"20.978103430550789,94.013295546049619"
WF,"{'unit': 'ha', 'value': '6148'}",Unknown,"On 23/03/2026, a forest fire started in Myanmar,  until 05/04/2026.",2026-03-30T19:02:53,"19.822960058363865,98.638429182695759"
WF,"{'unit': 'ha', 'value': '18105'}",Unknown,"On 23/03/2026, a forest fire started in Bangladesh, Myanmar,  until 02/04/2026.",2026-03-28T12:02:18,"21.494513207031403,92.435319271376571"
WF,"{'unit': 'ha', 'value': '7027'}",Unknown,"On 23/03/2026, a forest fire started in Thailand,  until 02/04/2026.",2026-04-02T19:08:54,"18.392922356223309,97.84775184892753"
WF,"{'unit': 'ha', 'value': '5160'}",Unknown,"On 23/03/2026, a forest fire started in Myanmar,  until 04/04/2026.",2026-04-04T23:15:15,"21.3399044609189,98.698347462627922"
WF,"{'unit': 'ha', 'value': '5964'}",Unknown,"On 23/03/2026, a forest fire started in Thailand,  until 02/04/2026.",2026-04-02T11:10:47,"18.998851052387813,99.251350115383545"
WF,"{'unit': 'ha', 'value': '6864'}",Unknown,"On 23/03/2026, a forest fire started in Myanmar,  until 02/04/2026.",2026-04-01T11:07:33,"20.49271354150067,98.700613396104"
WF,"{'unit': 'ha', 'value': '8079'}",Unknown,"On 23/03/2026, a forest fire started in Thailand,  until 02/04/2026.",2026-03-31T23:05:15,"18.24218364627065,100.99679094684291"
WF,"{'unit': 'ha', 'value': '13993'}",Unknown,"On 23/03/2026, a forest fire started in Thailand,  until 02/04/2026.",2026-03-28T20:02:02,"18.614909693338532,99.8421009357408"
WF,"{'unit': 'ha', 'value': '5352'}",Unknown,"On 23/03/2026, a forest fire started in Myanmar,  until 02/04/2026.",2026-03-31T07:03:15,"20.436765016452156,99.517475069609375"
WF,"{'unit': 'ha', 'value': '8407'}",Unknown,"On 23/03/2026, a forest fire started in Thailand,  until 02/04/2026.",2026-03-31T03:03:47,"18.891569186550665,98.646315691478023"
WF,"{'unit': 'ha', 'value': '12186'}",Unknown,"On 23/03/2026, a forest fire started in Laos,  until 04/04/2026.",2026-04-05T07:11:46,"15.963132538679698,106.62806668591215"
WF,"{'unit': 'ha', 'value': '11517'}",Unknown,"On 23/03/2026, a forest fire started in Thailand,  until 05/04/2026.",2026-04-01T07:07:04,"19.599080001183143,98.120227184278"
WF,"{'unit': 'ha', 'value': '6729'}",Unknown,"On 23/03/2026, a forest fire started in Myanmar,  until 02/04/2026.",2026-03-31T11:03:56,"19.159897024862055,97.3796735690311"
WF,"{'unit': 'ha', 'value': '5588'}",Unknown,"On 22/03/2026, a forest fire started in Laos,  until 02/04/2026.",2026-04-01T07:09:46,"16.500755872848231,105.73541775951196"
WF,"{'unit': 'ha', 'value': '15452'}",Unknown,"On 22/03/2026, a forest fire started in Thailand,  until 05/04/2026.",2026-04-02T23:14:10,"17.881179807586157,97.979835545666873"
WF,"{'unit': 'ha', 'value': '5637'}",Unknown,"On 22/03/2026, a forest fire started in Thailand,  until 05/04/2026.",2026-04-04T07:16:01,"17.830970710263312,101.84165330781882"
WF,"{'unit': 'ha', 'value': '5856'}",Unknown,"On 22/03/2026, a forest fire started in Myanmar,  until 02/04/2026.",2026-03-30T23:04:24,"18.653759551487482,96.764974740024144"
WF,"{'unit': 'ha', 'value': '53515'}",Unknown,"On 22/03/2026, a forest fire started in India,  until 01/04/2026.",2026-03-27T08:01:13,"22.491521623993457,77.486873763451555"
WF,"{'unit': 'ha', 'value': '6310'}",Unknown,"On 22/03/2026, a forest fire started in Myanmar,  until 03/04/2026.",2026-03-29T23:04:54,"20.188767130880272,99.050084938824739"
WF,"{'unit': 'ha', 'value': '7019'}",Unknown,"On 22/03/2026, a forest fire started in Myanmar,  until 02/04/2026.",2026-03-29T23:03:34,"19.845214680153664,98.473898201892922"
WF,"{'unit': 'ha', 'value': '7150'}",Unknown,"On 22/03/2026, a forest fire started in Laos,  until 02/04/2026.",2026-03-29T03:02:49,"20.30382552957774,101.43411826589674"
WF,"{'unit': 'ha', 'value': '6441'}",Unknown,"On 22/03/2026, a forest fire started in Laos,  until 04/04/2026.",2026-04-01T07:09:11,"15.132074149299587,107.11458534650056"
WF,"{'unit': 'ha', 'value': '8922'}",Unknown,"On 22/03/2026, a forest fire started in Myanmar,  until 04/04/2026.",2026-04-02T11:12:36,"20.892354232748279,99.018643903812233"
WF,"{'unit': 'ha', 'value': '15662'}",Unknown,"On 22/03/2026, a forest fire started in Thailand,  until 02/04/2026.",2026-03-28T20:02:23,"18.618918109798361,98.722491323386819"
WF,"{'unit': 'ha', 'value': '10902'}",Unknown,"On 22/03/2026, a forest fire started in Laos,  until 02/04/2026.",2026-03-29T11:04:18,"19.545449874880745,102.50886256425503"
WF,"{'unit': 'ha', 'value': '11747'}",Unknown,"On 22/03/2026, a forest fire started in Myanmar,  until 02/04/2026.",2026-03-30T19:04:20,"20.659997682111506,99.008806220837613"
WF,"{'unit': 'ha', 'value': '6792'}",Unknown,"On 22/03/2026, a forest fire started in India,  until 02/04/2026.",2026-03-31T23:07:16,"18.949529439024449,80.552489806377721"
WF,"{'unit': 'ha', 'value': '7389'}",Unknown,"On 22/03/2026, a forest fire started in Thailand, Myanmar,  until 04/04/2026.",2026-03-30T23:04:41,"19.41066479197988,97.870416374448425"
WF,"{'unit': 'ha', 'value': '17383'}",Unknown,"On 22/03/2026, a forest fire started in Myanmar,  until 02/04/2026.",2026-03-28T20:02:32,"19.958986136113968,98.7074867159071"
WF,"{'unit': 'ha', 'value': '6935'}",Unknown,"On 22/03/2026, a forest fire started in Myanmar,  until 02/04/2026.",2026-03-27T12:01:44,"20.386797582471768,99.6824004382359"
WF,"{'unit': 'ha', 'value': '6746'}",Unknown,"On 22/03/2026, a forest fire started in Myanmar,  until 05/04/2026.",2026-03-31T07:05:09,"19.495249403541965,97.75456320389668"
WF,"{'unit': 'ha', 'value': '25569'}",Unknown,"On 21/03/2026, a forest fire started in Thailand,  until 05/04/2026.",2026-03-29T23:06:41,"17.505561857994774,98.97872942649586"
WF,"{'unit': 'ha', 'value': '17328'}",Unknown,"On 21/03/2026, a forest fire started in Myanmar,  until 05/04/2026.",2026-03-30T15:06:17,"19.974428409674506,98.519859176367859"
WF,"{'unit': 'ha', 'value': '16883'}",Unknown,"On 21/03/2026, a forest fire started in Laos,  until 02/04/2026.",2026-03-26T20:01:53,"19.449343596273209,102.76818870953211"
WF,"{'unit': 'ha', 'value': '6155'}",Unknown,"On 21/03/2026, a forest fire started in Myanmar,  until 02/04/2026.",2026-04-03T07:15:35,"19.138997271820578,97.766996118363735"
WF,"{'unit': 'ha', 'value': '8801'}",Unknown,"On 21/03/2026, a forest fire started in Myanmar,  until 04/04/2026.",2026-03-30T23:06:49,"19.980863320988306,97.97755550271539"
WF,"{'unit': 'ha', 'value': '18441'}",Unknown,"On 21/03/2026, a forest fire started in Thailand,  until 02/04/2026.",2026-03-30T23:08:47,"18.840188875232574,98.751936232027063"
WF,"{'unit': 'ha', 'value': '14801'}",Unknown,"On 21/03/2026, a forest fire started in Thailand,  until 02/04/2026.",2026-03-28T20:03:40,"16.939789217409629,98.925312713967855"
WF,"{'unit': 'ha', 'value': '9040'}",Unknown,"On 21/03/2026, a forest fire started in Laos,  until 02/04/2026.",2026-03-26T20:01:34,"19.838780862555282,103.18995151299781"
WF,"{'unit': 'ha', 'value': '6134'}",Unknown,"On 21/03/2026, a forest fire started in Myanmar,  until 04/04/2026.",2026-04-02T07:13:14,"20.351113604368837,96.580227637370356"
WF,"{'unit': 'ha', 'value': '7357'}",Unknown,"On 21/03/2026, a forest fire started in China,  until 02/04/2026.",2026-03-30T03:06:18,"44.28055864460125,126.35245926954526"
WF,"{'unit': 'ha', 'value': '10217'}",Unknown,"On 21/03/2026, a forest fire started in China,  until 02/04/2026.",2026-03-28T04:03:24,"45.728576220421957,127.0275758271258"
WF,"{'unit': 'ha', 'value': '7251'}",Unknown,"On 21/03/2026, a forest fire started in Myanmar,  until 02/04/2026.",2026-03-29T07:04:09,"20.809543256575989,98.7121019657899"
WF,"{'unit': 'ha', 'value': '8068'}",Unknown,"On 21/03/2026, a forest fire started in Thailand,  until 05/04/2026.",2026-04-03T11:15:43,"18.24745855308441,100.89256566540041"
WF,"{'unit': 'ha', 'value': '5493'}",Unknown,"On 21/03/2026, a forest fire started in Thailand,  until 05/04/2026.",2026-04-03T11:18:09,"18.935006904264764,99.720411970336727"
WF,"{'unit': 'ha', 'value': '15247'}",Unknown,"On 21/03/2026, a forest fire started in Thailand,  until 02/04/2026.",2026-03-31T19:08:32,"19.414685602978714,98.035809481458259"
WF,"{'unit': 'ha', 'value': '8512'}",Unknown,"On 20/03/2026, a forest fire started in Myanmar,  until 02/04/2026.",2026-03-29T23:09:25,"18.903661660426813,97.409747966960126"
WF,"{'unit': 'ha', 'value': '8853'}",Unknown,"On 20/03/2026, a forest fire started in Myanmar,  until 02/04/2026.",2026-03-28T00:05:14,"19.070257014469302,97.1226759648782"
WF,"{'unit': 'ha', 'value': '7100'}",Unknown,"On 20/03/2026, a forest fire started in China,  until 02/04/2026.",2026-03-30T03:09:17,"44.173085215549534,125.6611669045143"
WF,"{'unit': 'ha', 'value': '70780'}",Unknown,"On 20/03/2026, a forest fire started in China,  until 02/04/2026.",2026-03-24T20:00:53,"45.432901080470288,126.84127609410025"
WF,"{'unit': 'ha', 'value': '20934'}",Unknown,"On 20/03/2026, a forest fire started in Thailand,  until 02/04/2026.",2026-03-31T23:12:35,"18.5826620317104,99.8073625016822"
WF,"{'unit': 'ha', 'value': '19009'}",Unknown,"On 20/03/2026, a forest fire started in Myanmar,  until 02/04/2026.",2026-03-27T08:03:20,"20.962038428205698,98.8490079565445"
WF,"{'unit': 'ha', 'value': '17215'}",Unknown,"On 20/03/2026, a forest fire started in Thailand,  until 02/04/2026.",2026-03-27T12:04:17,"17.708021213869557,98.814648904657773"
WF,"{'unit': 'ha', 'value': '22009'}",Unknown,"On 20/03/2026, a forest fire started in Myanmar,  until 02/04/2026.",2026-03-28T00:03:36,"19.945319758596966,97.813146348258883"
WF,"{'unit': 'ha', 'value': '9217'}",Unknown,"On 20/03/2026, a forest fire started in Myanmar,  until 04/04/2026.",2026-04-04T07:21:34,"20.360247478934603,98.687360215092"
WF,"{'unit': 'ha', 'value': '24912'}",Unknown,"On 19/03/2026, a forest fire started in China,  until 02/04/2026.",2026-03-27T04:04:57,"44.641476313627,125.90822126317514"
WF,"{'unit': 'ha', 'value': '10360'}",Unknown,"On 19/03/2026, a forest fire started in Myanmar,  until 02/04/2026.",2026-03-28T20:08:36,"20.613877546022614,97.915243606307058"
WF,"{'unit': 'ha', 'value': '12617'}",Unknown,"On 19/03/2026, a forest fire started in Thailand,  until 02/04/2026.",2026-03-28T00:07:03,"18.417261223650186,97.72666810074567"
WF,"{'unit': 'ha', 'value': '37636'}",Unknown,"On 19/03/2026, a forest fire started in Myanmar,  until 02/04/2026.",2026-03-26T20:04:10,"20.676713717336483,98.634856881366161"
WF,"{'unit': 'ha', 'value': '10576'}",Unknown,"On 19/03/2026, a forest fire started in Thailand,  until 02/04/2026.",2026-03-29T07:08:43,"18.460297130626952,100.52237030884027"
WF,"{'unit': 'ha', 'value': '21196'}",Unknown,"On 19/03/2026, a forest fire started in Laos,  until 03/04/2026.",2026-03-29T07:08:48,"16.450327370512852,106.3594720025099"
WF,"{'unit': 'ha', 'value': '15512'}",Unknown,"On 19/03/2026, a forest fire started in Myanmar,  until 02/04/2026.",2026-03-28T00:07:37,"19.905272452624168,97.99715141029499"
WF,"{'unit': 'ha', 'value': '7898'}",Unknown,"On 19/03/2026, a forest fire started in Thailand,  until 02/04/2026.",2026-03-31T19:14:26,"18.312498755645063,97.865865304952308"
WF,"{'unit': 'ha', 'value': '6903'}",Unknown,"On 19/03/2026, a forest fire started in Thailand,  until 03/04/2026.",2026-04-02T23:21:33,"17.928991602519986,100.90359749870119"
WF,"{'unit': 'ha', 'value': '6848'}",Unknown,"On 19/03/2026, a forest fire started in Thailand, Myanmar,  until 02/04/2026.",2026-04-02T23:21:44,"19.302160228357383,97.891216129938911"
WF,"{'unit': 'ha', 'value': '5705'}",Unknown,"On 18/03/2026, a forest fire started in Thailand,  until 02/04/2026.",2026-03-31T11:15:15,"18.588510601987569,100.30626045876127"
WF,"{'unit': 'ha', 'value': '6976'}",Unknown,"On 18/03/2026, a forest fire started in Thailand,  until 02/04/2026.",2026-03-28T20:09:18,"17.23973908027402,98.511807364248241"
WF,"{'unit': 'ha', 'value': '32981'}",Unknown,"On 18/03/2026, a forest fire started in Myanmar,  until 02/04/2026.",2026-03-26T12:04:44,"21.197010301955537,98.780111455050957"
WF,"{'unit': 'ha', 'value': '10955'}",Unknown,"On 18/03/2026, a forest fire started in Myanmar,  until 02/04/2026.",2026-03-24T20:02:07,"16.560068765138869,98.507017646756651"
DR,"{'unit': 'km2', 'value': '709141'}",Unknown,The  Drought notification level is Green.,2026-03-11T13:17:42,"25.597,93.49"
DR,"{'unit': 'km2', 'value': '87575'}",Unknown,The  Drought notification level is Green.,2026-03-25T15:27:53,"32.506,12.35"
DR,"{'unit': 'km2', 'value': '713111'}",Unknown,The  Drought notification level is Green.,2026-02-11T09:57:31,"52.909,16.649"
DR,"{'unit': 'km2', 'value': '488603'}",Unknown,The  Drought notification level is Orange.,2026-01-30T08:39:15,"-35.526,-61.242"
DR,"{'unit': 'km2', 'value': '24003'}",Unknown,The  Drought notification level is Green.,2026-02-03T14:08:29,"-13,-72.998"
DR,"{'unit': 'km2', 'value': '158290'}",Unknown,The  Drought notification level is Green.,2026-03-25T15:27:49,"28.843,119.05"
DR,"{'unit': 'km2', 'value': '36398'}",Unknown,The  Drought notification level is Green.,2025-12-19T10:38:23,"9.833,-69.166"
DR,"{'unit': 'km2', 'value': '865980'}",Unknown,The  Drought notification level is Green.,2025-10-02T10:20:21,"38.768,-87.747"
DR,"{'unit': 'km2', 'value': '818099'}",Unknown,The  Drought notification level is Orange.,2026-02-04T09:58:20,"-10.835,15.537"
DR,"{'unit': 'km2', 'value': '255174'}",Unknown,The  Drought notification level is Orange.,2025-06-09T12:29:17,"1.509,40.178"
DR,"{'unit': 'km2', 'value': '70731'}",Unknown,The  Drought notification level is Green.,2025-01-28T13:59:42,"36.992,62.41"
DR,"{'unit': 'km2', 'value': '993530'}",Unknown,The  Drought notification level is Orange.,2023-09-06T12:19:52,"-9.326,-56.299"
